<?xml version="1.0" encoding="UTF-8" standalone="yes"?>
<addon id="repository.godsword" name="godsword' Repository" version="1.1.1" provider-name="godsword">
    <extension point="xbmc.addon.repository" name="Official Godsword Repository">
        <info compressed="false">http://raw.github.com/godsword/repository.godsword/master/addons.xml</info>
        <checksum>http://raw.github.com/godsword/repository.metalchris/master/addons.xml.md5</checksum>
        <datadir zip="true">http://raw.github.com/godsword/repository.godsword/master/zips</datadir>
    </extension>
    <extension point="xbmc.addon.metadata">
		<summary>godsword Kodi addons</summary>
		<description>Bible Teaching. All sources are publicly available or the providers have given permission for use.</description>
        <platform>all</platform>
    </extension>
</addon>
